WKT,region,description
"POLYGON ((139.5939417 35.495237, 139.5956798 35.4946168, 139.5951433 35.4956825, 139.5939417 35.495237))",1,
"POLYGON ((139.5955081 35.4958251, 139.5961304 35.4940956, 139.5985337 35.4944625, 139.5982118 35.4965239, 139.5955081 35.4958251))",2,
"POLYGON ((139.5933409 35.4944625, 139.5928688 35.4934667, 139.5939203 35.4915973, 139.5952506 35.4918768, 139.5933409 35.4944625))",3,
"POLYGON ((139.6010657 35.496489, 139.6019454 35.4936064, 139.6063657 35.4937811, 139.6055718 35.4968384, 139.6010657 35.496489))",4,
