WKT,名前,説明
"POLYGON ((117.4887382 43.8337087, 117.5766288 40.446084, 118.2797538 38.8901501, 121.4438163 36.3849998, 122.5863944 34.0153019, 125.1352226 32.3975583, 127.9477226 31.202435, 133.2211601 29.6870676, 135.8578788 31.4276954, 135.2426444 32.8417208, 136.0336601 35.8168936, 135.8578788 38.4096696, 133.3090507 41.6392309, 129.2660819 44.2128971, 125.3988944 44.4643417, 117.4887382 43.8337087))",ポリゴン 1,
